{
  "basemapGallery": {
    "mode": 2,
    "basemaps": [
      {
        "thumbnailUrl": "${appPath}/configs/BasemapGallery/base64Img__5_1_1650392976471.png",
        "title": "Calles",
        "layers": [
          {
            "opacity": 1,
            "title": "Mapa de calles mundial",
            "url": "https://services.arcgisonline.com/ArcGIS/rest/services/World_Street_Map/MapServer",
            "visibility": true,
            "layerType": "ArcGISTiledMapServiceLayer",
            "id": "World_Street_Map_8421",
            "serviceInfoResponse": {
              "currentVersion": 10.6,
              "serviceDescription": "This worldwide street map presents highway-level data for the world. Street-level data includes the United States; much of Canada; Mexico; Europe; Japan; Australia and New Zealand; India; South America and Central America; Africa; and most of the Middle East. This comprehensive street map includes highways, major roads, minor roads, one-way arrow indicators, railways, water features, administrative boundaries, cities, parks, and landmarks, overlaid on shaded relief imagery for added context. The map also includes building footprints for selected areas. Coverage is provided down to ~1:4k with ~1:1k and ~1:2k data available in select urban areas. The street map was developed by Esri using Esri basemap data, Garmin basemap layers, U.S. Geological Survey (USGS) elevation data, Intact Forest Landscape (IFL) data for the world; HERE data for Europe, Australia and New Zealand, North America, South America and Central America, Africa, India, and most of the Middle East; OpenStreetMap contributors for select countries in Africa and Pacific Islands; NGCC data for China; and select data from the GIS user community. For more information on this map, including the terms of use, visit us <a href=\"http://goto.arcgisonline.com/maps/World_Street_Map \" target=\"_new\" >online</a>.",
              "mapName": "Layers",
              "description": "This worldwide street map presents highway-level data for the world. Street-level data includes the United States; much of Canada; Mexico; Europe; Japan; Australia and New Zealand; India; South America and Central America; Africa; and most of the Middle East. This comprehensive street map includes highways, major roads, minor roads, one-way arrow indicators, railways, water features, administrative boundaries, cities, parks, and landmarks, overlaid on shaded relief imagery for added context. The map also includes building footprints for selected areas. Coverage is provided down to ~1:4k with ~1:1k and ~1:2k data available in select urban areas. The street map was developed by Esri using Esri basemap data, Garmin basemap layers, U.S. Geological Survey (USGS) elevation data, Intact Forest Landscape (IFL) data for the world; HERE data for Europe, Australia and New Zealand, North America, South America and Central America, Africa, India, and most of the Middle East; OpenStreetMap contributors for select countries in Africa and Pacific Islands; NGCC data for China; and select data from the GIS user community. For more information on this map, including the terms of use, visit us online at http://goto.arcgisonline.com/maps/World_Street_Map",
              "copyrightText": "Sources: Esri, HERE, Garmin, USGS, Intermap, INCREMENT P, NRCan, Esri Japan, METI, Esri China (Hong Kong), Esri Korea, Esri (Thailand), NGCC, (c) OpenStreetMap contributors, and the GIS User Community",
              "supportsDynamicLayers": false,
              "layers": [
                {
                  "id": 0,
                  "name": "World Street Map",
                  "parentLayerId": -1,
                  "defaultVisibility": true,
                  "subLayerIds": null,
                  "minScale": 0,
                  "maxScale": 0
                }
              ],
              "tables": [],
              "spatialReference": {
                "wkid": 102100,
                "latestWkid": 3857
              },
              "singleFusedMapCache": true,
              "tileInfo": {
                "rows": 256,
                "cols": 256,
                "dpi": 96,
                "format": "JPEG",
                "compressionQuality": 90,
                "origin": {
                  "x": -20037508.342787,
                  "y": 20037508.342787
                },
                "spatialReference": {
                  "wkid": 102100,
                  "latestWkid": 3857
                },
                "lods": [
                  {
                    "level": 0,
                    "resolution": 156543.03392800014,
                    "scale": 591657527.591555
                  },
                  {
                    "level": 1,
                    "resolution": 78271.51696399994,
                    "scale": 295828763.795777
                  },
                  {
                    "level": 2,
                    "resolution": 39135.75848200009,
                    "scale": 147914381.897889
                  },
                  {
                    "level": 3,
                    "resolution": 19567.87924099992,
                    "scale": 73957190.948944
                  },
                  {
                    "level": 4,
                    "resolution": 9783.93962049996,
                    "scale": 36978595.474472
                  },
                  {
                    "level": 5,
                    "resolution": 4891.96981024998,
                    "scale": 18489297.737236
                  },
                  {
                    "level": 6,
                    "resolution": 2445.98490512499,
                    "scale": 9244648.868618
                  },
                  {
                    "level": 7,
                    "resolution": 1222.992452562495,
                    "scale": 4622324.434309
                  },
                  {
                    "level": 8,
                    "resolution": 611.4962262813797,
                    "scale": 2311162.217155
                  },
                  {
                    "level": 9,
                    "resolution": 305.74811314055756,
                    "scale": 1155581.108577
                  },
                  {
                    "level": 10,
                    "resolution": 152.87405657041106,
                    "scale": 577790.554289
                  },
                  {
                    "level": 11,
                    "resolution": 76.43702828507324,
                    "scale": 288895.277144
                  },
                  {
                    "level": 12,
                    "resolution": 38.21851414253662,
                    "scale": 144447.638572
                  },
                  {
                    "level": 13,
                    "resolution": 19.10925707126831,
                    "scale": 72223.819286
                  },
                  {
                    "level": 14,
                    "resolution": 9.554628535634155,
                    "scale": 36111.909643
                  },
                  {
                    "level": 15,
                    "resolution": 4.77731426794937,
                    "scale": 18055.954822
                  },
                  {
                    "level": 16,
                    "resolution": 2.388657133974685,
                    "scale": 9027.977411
                  },
                  {
                    "level": 17,
                    "resolution": 1.1943285668550503,
                    "scale": 4513.988705
                  },
                  {
                    "level": 18,
                    "resolution": 0.5971642835598172,
                    "scale": 2256.994353
                  },
                  {
                    "level": 19,
                    "resolution": 0.29858214164761665,
                    "scale": 1128.497176
                  },
                  {
                    "level": 20,
                    "resolution": 0.14929107082380833,
                    "scale": 564.248588
                  },
                  {
                    "level": 21,
                    "resolution": 0.07464553541190416,
                    "scale": 282.124294
                  },
                  {
                    "level": 22,
                    "resolution": 0.03732276770595208,
                    "scale": 141.062147
                  },
                  {
                    "level": 23,
                    "resolution": 0.01866138385297604,
                    "scale": 70.5310735
                  }
                ]
              },
              "initialExtent": {
                "xmin": -25619086.977627527,
                "ymin": -23305104.92803541,
                "xmax": 25619086.977627527,
                "ymax": 23305104.92803532,
                "spatialReference": {
                  "wkid": 102100,
                  "latestWkid": 3857
                }
              },
              "fullExtent": {
                "xmin": -20037507.067161843,
                "ymin": -19971868.880408604,
                "xmax": 20037507.067161843,
                "ymax": 19971868.8804085,
                "spatialReference": {
                  "wkid": 102100,
                  "latestWkid": 3857
                }
              },
              "minScale": 0,
              "maxScale": 0,
              "units": "esriMeters",
              "supportedImageFormatTypes": "PNG32,PNG24,PNG,JPG,DIB,TIFF,EMF,PS,PDF,GIF,SVG,SVGZ,BMP",
              "documentInfo": {
                "Title": "World Street Map",
                "Author": "Esri",
                "Comments": "",
                "Subject": "streets, highways, major roads, railways, water features, administrative boundaries, cities, parks, protected areas, landmarks ",
                "Category": "transportation(Transportation Networks) ",
                "AntialiasingMode": "None",
                "TextAntialiasingMode": "Force",
                "Keywords": "World,Global,Europe,Japan,Hong Kong,North America,United States,Canada,Mexico,Southern Africa,Asia,South America,Australia,New Zealand,India,Argentina,Brazil,Chile,Venezuela,Andorra,Austria,Belgium,Czech Republic,Denmark,France,Germany,Great Britain,Greece,Hungary,Ireland,Italy,Luxembourg,Netherlands,Norway,Poland,Portugal,San Marino,Slovakia,Spain,Sweden,Switzerland,Russia,Thailand,Turkey"
              },
              "capabilities": "Map,Tilemap",
              "supportedQueryFormats": "JSON, AMF, geoJSON",
              "exportTilesAllowed": false,
              "datumTransformations": [
                {
                  "geoTransforms": [
                    {
                      "wkid": 108001,
                      "latestWkid": 1241,
                      "transformForward": true,
                      "name": "NAD_1927_To_NAD_1983_NADCON"
                    }
                  ]
                },
                {
                  "geoTransforms": [
                    {
                      "wkid": 108001,
                      "latestWkid": 1241,
                      "transformForward": false,
                      "name": "NAD_1927_To_NAD_1983_NADCON"
                    }
                  ]
                }
              ],
              "supportsDatumTransformation": true,
              "maxRecordCount": 1000,
              "maxImageHeight": 4096,
              "maxImageWidth": 4096,
              "supportedExtensions": "KmlServer"
            }
          }
        ],
        "spatialReference": {
          "wkid": "102100"
        }
      },
      {
        "thumbnailUrl": "${appPath}/configs/BasemapGallery/base64Img__5_2_1650392976472.png",
        "title": "Imágenes",
        "layers": [
          {
            "opacity": 1,
            "title": "Imágenes del mundo",
            "url": "https://services.arcgisonline.com/ArcGIS/rest/services/World_Imagery/MapServer",
            "visibility": true,
            "layerType": "ArcGISTiledMapServiceLayer",
            "id": "World_Imagery_2017",
            "serviceInfoResponse": {
              "currentVersion": 10.6,
              "serviceDescription": "World Imagery provides one meter or better satellite and aerial imagery in many parts of the world and lower resolution satellite imagery worldwide. The map includes 15m TerraColor imagery at small and mid-scales (~1:591M down to ~1:288k) for the world. The map features Maxar imagery at 0.3m resolution for select metropolitan areas around the world, 0.5m resolution across the United States and parts of Western Europe, and 1m resolution imagery across the rest of the world. In addition to commercial sources, the World Imagery map features high-resolution aerial photography contributed by the GIS User Community. This imagery ranges from 0.3m to 0.03m resolution (down to ~1:280 in select communities). For more information on this map, including the terms of use, visit us <a href=\"http://goto.arcgisonline.com/maps/World_Imagery \" target=\"_new\" >online</a>.",
              "mapName": "Layers",
              "description": "World Imagery provides one meter or better satellite and aerial imagery in many parts of the world and lower resolution satellite imagery worldwide. The map includes 15m TerraColor imagery at small and mid-scales (~1:591M down to ~1:288k) for the world. The map features Maxar imagery at 0.3m resolution for select metropolitan areas around the world, 0.5m resolution across the United States and parts of Western Europe, and 1m resolution imagery across the rest of the world. In addition to commercial sources, the World Imagery map features high-resolution aerial photography contributed by the GIS User Community. This imagery ranges from 0.3m to 0.03m resolution (down to ~1:280 in select communities). For more information on this map, including the terms of use, visit us online at http://goto.arcgisonline.com/maps/World_Imagery",
              "copyrightText": "Source: Esri, Maxar, GeoEye, Earthstar Geographics, CNES/Airbus DS, USDA, USGS, AeroGRID, IGN, and the GIS User Community",
              "supportsDynamicLayers": false,
              "layers": [
                {
                  "id": 0,
                  "name": "World Imagery",
                  "parentLayerId": -1,
                  "defaultVisibility": true,
                  "subLayerIds": null,
                  "minScale": 0,
                  "maxScale": 0
                },
                {
                  "id": 1,
                  "name": "Low Resolution 15m Imagery",
                  "parentLayerId": -1,
                  "defaultVisibility": true,
                  "subLayerIds": null,
                  "minScale": 0,
                  "maxScale": 0
                },
                {
                  "id": 2,
                  "name": "High Resolution 60cm Imagery",
                  "parentLayerId": -1,
                  "defaultVisibility": true,
                  "subLayerIds": null,
                  "minScale": 0,
                  "maxScale": 0
                },
                {
                  "id": 3,
                  "name": "High Resolution 30cm Imagery",
                  "parentLayerId": -1,
                  "defaultVisibility": true,
                  "subLayerIds": null,
                  "minScale": 0,
                  "maxScale": 0
                },
                {
                  "id": 4,
                  "name": "Citations",
                  "parentLayerId": -1,
                  "defaultVisibility": true,
                  "subLayerIds": null,
                  "minScale": 0,
                  "maxScale": 0
                },
                {
                  "id": 5,
                  "name": "1.9cm Resolution Metadata",
                  "parentLayerId": -1,
                  "defaultVisibility": true,
                  "subLayerIds": null,
                  "minScale": 106,
                  "maxScale": 0
                },
                {
                  "id": 6,
                  "name": "3.7cm Resolution Metadata",
                  "parentLayerId": -1,
                  "defaultVisibility": true,
                  "subLayerIds": null,
                  "minScale": 212,
                  "maxScale": 106
                },
                {
                  "id": 7,
                  "name": "7.5cm Resolution Metadata",
                  "parentLayerId": -1,
                  "defaultVisibility": true,
                  "subLayerIds": null,
                  "minScale": 425,
                  "maxScale": 212
                },
                {
                  "id": 8,
                  "name": "15cm Resolution Metadata",
                  "parentLayerId": -1,
                  "defaultVisibility": true,
                  "subLayerIds": null,
                  "minScale": 850,
                  "maxScale": 425
                },
                {
                  "id": 9,
                  "name": "30cm Resolution Metadata",
                  "parentLayerId": -1,
                  "defaultVisibility": true,
                  "subLayerIds": null,
                  "minScale": 1700,
                  "maxScale": 850
                },
                {
                  "id": 10,
                  "name": "60cm Resolution Metadata",
                  "parentLayerId": -1,
                  "defaultVisibility": true,
                  "subLayerIds": null,
                  "minScale": 3400,
                  "maxScale": 1700
                },
                {
                  "id": 11,
                  "name": "1.2m Resolution Metadata",
                  "parentLayerId": -1,
                  "defaultVisibility": true,
                  "subLayerIds": null,
                  "minScale": 6800,
                  "maxScale": 3400
                },
                {
                  "id": 12,
                  "name": "2.4m Resolution Metadata",
                  "parentLayerId": -1,
                  "defaultVisibility": true,
                  "subLayerIds": null,
                  "minScale": 13500,
                  "maxScale": 6800
                },
                {
                  "id": 13,
                  "name": "4.8m Resolution Metadata",
                  "parentLayerId": -1,
                  "defaultVisibility": true,
                  "subLayerIds": null,
                  "minScale": 27000,
                  "maxScale": 13500
                },
                {
                  "id": 14,
                  "name": "9.6m Resolution Metadata",
                  "parentLayerId": -1,
                  "defaultVisibility": true,
                  "subLayerIds": null,
                  "minScale": 54000,
                  "maxScale": 27000
                },
                {
                  "id": 15,
                  "name": "19m Resolution Metadata",
                  "parentLayerId": -1,
                  "defaultVisibility": true,
                  "subLayerIds": null,
                  "minScale": 108000,
                  "maxScale": 54000
                },
                {
                  "id": 16,
                  "name": "38m Resolution Metadata",
                  "parentLayerId": -1,
                  "defaultVisibility": true,
                  "subLayerIds": null,
                  "minScale": 216000,
                  "maxScale": 108000
                },
                {
                  "id": 17,
                  "name": "75m Resolution Metadata",
                  "parentLayerId": -1,
                  "defaultVisibility": true,
                  "subLayerIds": null,
                  "minScale": 432000,
                  "maxScale": 216000
                },
                {
                  "id": 18,
                  "name": "150m Resolution Metadata",
                  "parentLayerId": -1,
                  "defaultVisibility": true,
                  "subLayerIds": null,
                  "minScale": 0,
                  "maxScale": 432000
                }
              ],
              "tables": [],
              "spatialReference": {
                "wkid": 102100,
                "latestWkid": 3857
              },
              "singleFusedMapCache": true,
              "tileInfo": {
                "rows": 256,
                "cols": 256,
                "dpi": 96,
                "format": "JPEG",
                "compressionQuality": 75,
                "origin": {
                  "x": -20037508.342787,
                  "y": 20037508.342787
                },
                "spatialReference": {
                  "wkid": 102100,
                  "latestWkid": 3857
                },
                "lods": [
                  {
                    "level": 0,
                    "resolution": 156543.03392800014,
                    "scale": 591657527.591555
                  },
                  {
                    "level": 1,
                    "resolution": 78271.51696399994,
                    "scale": 295828763.795777
                  },
                  {
                    "level": 2,
                    "resolution": 39135.75848200009,
                    "scale": 147914381.897889
                  },
                  {
                    "level": 3,
                    "resolution": 19567.87924099992,
                    "scale": 73957190.948944
                  },
                  {
                    "level": 4,
                    "resolution": 9783.93962049996,
                    "scale": 36978595.474472
                  },
                  {
                    "level": 5,
                    "resolution": 4891.96981024998,
                    "scale": 18489297.737236
                  },
                  {
                    "level": 6,
                    "resolution": 2445.98490512499,
                    "scale": 9244648.868618
                  },
                  {
                    "level": 7,
                    "resolution": 1222.992452562495,
                    "scale": 4622324.434309
                  },
                  {
                    "level": 8,
                    "resolution": 611.4962262813797,
                    "scale": 2311162.217155
                  },
                  {
                    "level": 9,
                    "resolution": 305.74811314055756,
                    "scale": 1155581.108577
                  },
                  {
                    "level": 10,
                    "resolution": 152.87405657041106,
                    "scale": 577790.554289
                  },
                  {
                    "level": 11,
                    "resolution": 76.43702828507324,
                    "scale": 288895.277144
                  },
                  {
                    "level": 12,
                    "resolution": 38.21851414253662,
                    "scale": 144447.638572
                  },
                  {
                    "level": 13,
                    "resolution": 19.10925707126831,
                    "scale": 72223.819286
                  },
                  {
                    "level": 14,
                    "resolution": 9.554628535634155,
                    "scale": 36111.909643
                  },
                  {
                    "level": 15,
                    "resolution": 4.77731426794937,
                    "scale": 18055.954822
                  },
                  {
                    "level": 16,
                    "resolution": 2.388657133974685,
                    "scale": 9027.977411
                  },
                  {
                    "level": 17,
                    "resolution": 1.1943285668550503,
                    "scale": 4513.988705
                  },
                  {
                    "level": 18,
                    "resolution": 0.5971642835598172,
                    "scale": 2256.994353
                  },
                  {
                    "level": 19,
                    "resolution": 0.29858214164761665,
                    "scale": 1128.497176
                  },
                  {
                    "level": 20,
                    "resolution": 0.14929107082380833,
                    "scale": 564.248588
                  },
                  {
                    "level": 21,
                    "resolution": 0.07464553541190416,
                    "scale": 282.124294
                  },
                  {
                    "level": 22,
                    "resolution": 0.03732276770595208,
                    "scale": 141.062147
                  },
                  {
                    "level": 23,
                    "resolution": 0.01866138385297604,
                    "scale": 70.5310735
                  }
                ]
              },
              "initialExtent": {
                "xmin": -20037507.22959434,
                "ymin": -19971868.88040859,
                "xmax": 20037507.22959434,
                "ymax": 19971868.880408563,
                "spatialReference": {
                  "cs": "pcs",
                  "wkid": 102100
                }
              },
              "fullExtent": {
                "xmin": -20037507.22959434,
                "ymin": -19971868.88040859,
                "xmax": 20037507.22959434,
                "ymax": 19971868.880408563,
                "spatialReference": {
                  "cs": "pcs",
                  "wkid": 102100
                }
              },
              "minScale": 0,
              "maxScale": 0,
              "units": "esriMeters",
              "supportedImageFormatTypes": "PNG32,PNG24,PNG,JPG,DIB,TIFF,EMF,PS,PDF,GIF,SVG,SVGZ,BMP",
              "documentInfo": {
                "Title": "World Imagery",
                "Author": "Esri",
                "Comments": "",
                "Subject": "imagery, satellite, aerial, 500m (World), 15m (World)",
                "Category": "imageryBaseMapsEarthCover (Imagery, basemaps, and land cover)",
                "AntialiasingMode": "None",
                "TextAntialiasingMode": "Force",
                "Keywords": "World,Global,United States"
              },
              "capabilities": "Map,Tilemap,Query,Data",
              "supportedQueryFormats": "JSON, AMF, geoJSON",
              "exportTilesAllowed": false,
              "datumTransformations": [
                {
                  "geoTransforms": [
                    {
                      "wkid": 108001,
                      "latestWkid": 1241,
                      "transformForward": true,
                      "name": "NAD_1927_To_NAD_1983_NADCON"
                    }
                  ]
                },
                {
                  "geoTransforms": [
                    {
                      "wkid": 108001,
                      "latestWkid": 1241,
                      "transformForward": false,
                      "name": "NAD_1927_To_NAD_1983_NADCON"
                    }
                  ]
                }
              ],
              "supportsDatumTransformation": true,
              "maxRecordCount": 100,
              "maxImageHeight": 4096,
              "maxImageWidth": 4096,
              "supportedExtensions": "KmlServer"
            }
          }
        ],
        "spatialReference": {
          "wkid": "102100"
        }
      },
      {
        "thumbnailUrl": "${appPath}/configs/BasemapGallery/base64Img__5_3_1650392976475.png",
        "title": "Lona gris claro",
        "layers": [
          {
            "opacity": 1,
            "title": "Base Lona gris claro mundial",
            "url": "https://services.arcgisonline.com/ArcGIS/rest/services/Canvas/World_Light_Gray_Base/MapServer",
            "visibility": true,
            "layerType": "ArcGISTiledMapServiceLayer",
            "id": "World_Light_Gray_Base_1486",
            "serviceInfoResponse": {
              "currentVersion": 10.6,
              "serviceDescription": "This map draws attention to your thematic content by providing a neutral background with minimal colors, labels, and features. Only key information is represented to provide geographic context, allowing your data to come to the foreground. This light gray map supports any strong colors, creating a visually compelling map graphic which helps your reader see the patterns intended. This map was developed by Esri using HERE data, Garmin basemap layers, OpenStreetMap contributors, Esri basemap data, and select data from the GIS user community. Worldwide coverage is provided from Level 0 (1:591M scale) through Level 13 (1:72k scale). In North America (Canada, Mexico, United States), Europe, India, South America and Central America, Africa, most of the Middle east, and Australia & New Zealand coverage is provided from Level 14 (1:36k scale) through Level 16 (1:9k scale). For more information on this map, including the terms of use, visit us <a href=\"http://goto.arcgisonline.com/maps/Canvas/World_Light_Gray_Base \" target=\"_new\" >online</a>.",
              "mapName": "Layers",
              "description": "This map draws attention to your thematic content by providing a neutral background with minimal colors, labels, and features. Only key information is represented to provide geographic context, allowing your data to come to the foreground. This light gray map supports any strong colors, creating a visually compelling map graphic which helps your reader see the patterns intended. This map was developed by Esri using HERE data, Garmin basemap layers, OpenStreetMap contributors, Esri basemap data, and select data from the GIS user community. Worldwide coverage is provided from Level 0 (1:591M scale) through Level 13 (1:72k scale). In North America (Canada, Mexico, United States), Europe, India, South America and Central America, Africa, most of the Middle east, and Australia & New Zealand coverage is provided from Level 14 (1:36k scale) through Level 16 (1:9k scale). For more information on this map, including our terms of use, visit us online at http://goto.arcgisonline.com/maps/World_Light_Gray_Base",
              "copyrightText": "Esri, HERE, Garmin, (c) OpenStreetMap contributors, and the GIS user community",
              "supportsDynamicLayers": false,
              "layers": [
                {
                  "id": 0,
                  "name": "Light Gray Canvas Base",
                  "parentLayerId": -1,
                  "defaultVisibility": true,
                  "subLayerIds": null,
                  "minScale": 0,
                  "maxScale": 0
                }
              ],
              "tables": [],
              "spatialReference": {
                "wkid": 102100,
                "latestWkid": 3857
              },
              "singleFusedMapCache": true,
              "tileInfo": {
                "rows": 256,
                "cols": 256,
                "dpi": 96,
                "format": "Mixed",
                "compressionQuality": 90,
                "origin": {
                  "x": -20037508.342787,
                  "y": 20037508.342787
                },
                "spatialReference": {
                  "wkid": 102100,
                  "latestWkid": 3857
                },
                "lods": [
                  {
                    "level": 0,
                    "resolution": 156543.03392800014,
                    "scale": 591657527.591555
                  },
                  {
                    "level": 1,
                    "resolution": 78271.51696399994,
                    "scale": 295828763.795777
                  },
                  {
                    "level": 2,
                    "resolution": 39135.75848200009,
                    "scale": 147914381.897889
                  },
                  {
                    "level": 3,
                    "resolution": 19567.87924099992,
                    "scale": 73957190.948944
                  },
                  {
                    "level": 4,
                    "resolution": 9783.93962049996,
                    "scale": 36978595.474472
                  },
                  {
                    "level": 5,
                    "resolution": 4891.96981024998,
                    "scale": 18489297.737236
                  },
                  {
                    "level": 6,
                    "resolution": 2445.98490512499,
                    "scale": 9244648.868618
                  },
                  {
                    "level": 7,
                    "resolution": 1222.992452562495,
                    "scale": 4622324.434309
                  },
                  {
                    "level": 8,
                    "resolution": 611.4962262813797,
                    "scale": 2311162.217155
                  },
                  {
                    "level": 9,
                    "resolution": 305.74811314055756,
                    "scale": 1155581.108577
                  },
                  {
                    "level": 10,
                    "resolution": 152.87405657041106,
                    "scale": 577790.554289
                  },
                  {
                    "level": 11,
                    "resolution": 76.43702828507324,
                    "scale": 288895.277144
                  },
                  {
                    "level": 12,
                    "resolution": 38.21851414253662,
                    "scale": 144447.638572
                  },
                  {
                    "level": 13,
                    "resolution": 19.10925707126831,
                    "scale": 72223.819286
                  },
                  {
                    "level": 14,
                    "resolution": 9.554628535634155,
                    "scale": 36111.909643
                  },
                  {
                    "level": 15,
                    "resolution": 4.77731426794937,
                    "scale": 18055.954822
                  },
                  {
                    "level": 16,
                    "resolution": 2.388657133974685,
                    "scale": 9027.977411
                  },
                  {
                    "level": 17,
                    "resolution": 1.1943285668550503,
                    "scale": 4513.988705
                  },
                  {
                    "level": 18,
                    "resolution": 0.5971642835598172,
                    "scale": 2256.994353
                  },
                  {
                    "level": 19,
                    "resolution": 0.29858214164761665,
                    "scale": 1128.497176
                  },
                  {
                    "level": 20,
                    "resolution": 0.14929107082380833,
                    "scale": 564.248588
                  },
                  {
                    "level": 21,
                    "resolution": 0.07464553541190416,
                    "scale": 282.124294
                  },
                  {
                    "level": 22,
                    "resolution": 0.03732276770595208,
                    "scale": 141.062147
                  },
                  {
                    "level": 23,
                    "resolution": 0.01866138385297604,
                    "scale": 70.5310735
                  }
                ]
              },
              "initialExtent": {
                "xmin": -34434256.69035958,
                "ymin": -19889226.66435174,
                "xmax": 34434256.69035958,
                "ymax": 19889226.664351642,
                "spatialReference": {
                  "wkid": 102100,
                  "latestWkid": 3857
                }
              },
              "fullExtent": {
                "xmin": -20037507.067161843,
                "ymin": -19971868.880408604,
                "xmax": 20037507.067161843,
                "ymax": 19971868.8804085,
                "spatialReference": {
                  "wkid": 102100,
                  "latestWkid": 3857
                }
              },
              "minScale": 0,
              "maxScale": 0,
              "units": "esriMeters",
              "supportedImageFormatTypes": "PNG32,PNG24,PNG,JPG,DIB,TIFF,EMF,PS,PDF,GIF,SVG,SVGZ,BMP",
              "documentInfo": {
                "Title": "Canvas Base",
                "Author": "Esri",
                "Comments": "",
                "Subject": "political boundaries, populated places, water, roads, urban areas, building footprints, parks",
                "Category": "transportation(Transportation Networks) ",
                "AntialiasingMode": "None",
                "TextAntialiasingMode": "Force",
                "Keywords": "thematic basemap,thematic map,choropleth,dot map,dot density,flow map,heat map,graphs,infographic,graduated symbols,proportional symbols,neutral,subdued,canvas,shaded,hot spot,color coded,colorful,World,Global,Europe,Andorra,Austria,Belgium,Czech Republic,Denmark,France,Germany,Great Britain,Greece,Hungary,Ireland,Italy,Luxembourg,Netherlands,Norway,Poland,Portugal,San Marino,Slovakia,Spain,Sweden,Switzerland,North America,United States,Canada,Mexico,Southern Africa,Botswana,Lesotho,Namibia,South Africa and Swaziland,Asia,India,South America,Central America,Argentina,Bolivia,Brazil,Chile,Colombia,Peru,Uruguay,Venezuela,Australia,New Zealand"
              },
              "capabilities": "Map,Tilemap",
              "supportedQueryFormats": "JSON, AMF, geoJSON",
              "exportTilesAllowed": false,
              "datumTransformations": [
                {
                  "geoTransforms": [
                    {
                      "wkid": 108001,
                      "latestWkid": 1241,
                      "transformForward": true,
                      "name": "NAD_1927_To_NAD_1983_NADCON"
                    }
                  ]
                },
                {
                  "geoTransforms": [
                    {
                      "wkid": 108001,
                      "latestWkid": 1241,
                      "transformForward": false,
                      "name": "NAD_1927_To_NAD_1983_NADCON"
                    }
                  ]
                }
              ],
              "supportsDatumTransformation": true,
              "maxRecordCount": 1000,
              "maxImageHeight": 4096,
              "maxImageWidth": 4096,
              "supportedExtensions": "KmlServer"
            }
          },
          {
            "opacity": 1,
            "title": "Referencia gris claro mundial",
            "url": "https://services.arcgisonline.com/ArcGIS/rest/services/Canvas/World_Light_Gray_Reference/MapServer",
            "visibility": true,
            "layerType": "ArcGISTiledMapServiceLayer",
            "isReference": true,
            "id": "World_Light_Gray_Reference_8656"
          }
        ],
        "spatialReference": {
          "wkid": "102100"
        }
      },
      {
        "thumbnailUrl": "${appPath}/configs/BasemapGallery/base64Img__5_4_1650392976477.png",
        "title": "Lona gris oscuro",
        "layers": [
          {
            "opacity": 1,
            "title": "Base Lona gris oscuro mundial",
            "url": "https://services.arcgisonline.com/arcgis/rest/services/Canvas/World_Dark_Gray_Base/MapServer",
            "visibility": true,
            "layerType": "ArcGISTiledMapServiceLayer",
            "id": "layer0",
            "serviceInfoResponse": {
              "currentVersion": 10.6,
              "serviceDescription": "This map draws attention to your thematic content by providing a neutral background with minimal colors, labels, and features. Only key information is represented to provide geographic context, allowing your data to come to the foreground. This dark gray map supports bright colors, creating a visually compelling map graphic which helps your reader see the patterns intended. This map was developed by Esri using HERE data, Garmin basemap layers, OpenStreetMap contributors, Esri basemap data, and select data from the GIS user community. Worldwide coverage is provided from Level 0 (1:591M scale) through Level 10 (1:577k scale). In North America, Central and South America, Africa, India, Australia & New Zealand, Pacific Islands, and select countries in the Middle East from Level 11 (1:288k scale) through Level 16 (1:9k scale). For more information on this map, including the terms of use, visit us <a href=\"http://goto.arcgisonline.com/maps/Canvas/World_Dark_Gray_Base \" target=\"_new\" >online</a>.",
              "mapName": "Layers",
              "description": "This map draws attention to your thematic content by providing a neutral background with minimal colors, labels, and features. Only key information is represented to provide geographic context, allowing your data to come to the foreground. This dark gray map supports bright colors, creating a visually compelling map graphic which helps your reader see the patterns intended. This map was developed by Esri using HERE data, Garmin basemap layers, OpenStreetMap contributors, Esri basemap data, and select data from the GIS user community. Worldwide coverage is provided from Level 0 (1:591M scale) through Level 10 (1:577k scale). In North America, Central and South America, Africa, India, Australia & New Zealand, Pacific Islands, and select countries in the Middle East from Level 11 (1:288k scale) through Level 16 (1:9k scale). For more information on this map, visit us online at http://goto.arcgisonline.com/maps/World_Dark_Gray_Base",
              "copyrightText": "Esri, HERE, Garmin, (c) OpenStreetMap contributors, and the GIS user community",
              "supportsDynamicLayers": false,
              "layers": [
                {
                  "id": 0,
                  "name": "Dark Gray Canvas Base",
                  "parentLayerId": -1,
                  "defaultVisibility": true,
                  "subLayerIds": null,
                  "minScale": 0,
                  "maxScale": 0
                }
              ],
              "tables": [],
              "spatialReference": {
                "wkid": 102100,
                "latestWkid": 3857
              },
              "singleFusedMapCache": true,
              "tileInfo": {
                "rows": 256,
                "cols": 256,
                "dpi": 96,
                "format": "MIXED",
                "compressionQuality": 90,
                "origin": {
                  "x": -20037508.342787,
                  "y": 20037508.342787
                },
                "spatialReference": {
                  "wkid": 102100,
                  "latestWkid": 3857
                },
                "lods": [
                  {
                    "level": 0,
                    "resolution": 156543.03392800014,
                    "scale": 591657527.591555
                  },
                  {
                    "level": 1,
                    "resolution": 78271.51696399994,
                    "scale": 295828763.795777
                  },
                  {
                    "level": 2,
                    "resolution": 39135.75848200009,
                    "scale": 147914381.897889
                  },
                  {
                    "level": 3,
                    "resolution": 19567.87924099992,
                    "scale": 73957190.948944
                  },
                  {
                    "level": 4,
                    "resolution": 9783.93962049996,
                    "scale": 36978595.474472
                  },
                  {
                    "level": 5,
                    "resolution": 4891.96981024998,
                    "scale": 18489297.737236
                  },
                  {
                    "level": 6,
                    "resolution": 2445.98490512499,
                    "scale": 9244648.868618
                  },
                  {
                    "level": 7,
                    "resolution": 1222.992452562495,
                    "scale": 4622324.434309
                  },
                  {
                    "level": 8,
                    "resolution": 611.4962262813797,
                    "scale": 2311162.217155
                  },
                  {
                    "level": 9,
                    "resolution": 305.74811314055756,
                    "scale": 1155581.108577
                  },
                  {
                    "level": 10,
                    "resolution": 152.87405657041106,
                    "scale": 577790.554289
                  },
                  {
                    "level": 11,
                    "resolution": 76.43702828507324,
                    "scale": 288895.277144
                  },
                  {
                    "level": 12,
                    "resolution": 38.21851414253662,
                    "scale": 144447.638572
                  },
                  {
                    "level": 13,
                    "resolution": 19.10925707126831,
                    "scale": 72223.819286
                  },
                  {
                    "level": 14,
                    "resolution": 9.554628535634155,
                    "scale": 36111.909643
                  },
                  {
                    "level": 15,
                    "resolution": 4.77731426794937,
                    "scale": 18055.954822
                  },
                  {
                    "level": 16,
                    "resolution": 2.388657133974685,
                    "scale": 9027.977411
                  },
                  {
                    "level": 17,
                    "resolution": 1.1943285668550503,
                    "scale": 4513.988705
                  },
                  {
                    "level": 18,
                    "resolution": 0.5971642835598172,
                    "scale": 2256.994353
                  },
                  {
                    "level": 19,
                    "resolution": 0.29858214164761665,
                    "scale": 1128.497176
                  },
                  {
                    "level": 20,
                    "resolution": 0.14929107082380833,
                    "scale": 564.248588
                  },
                  {
                    "level": 21,
                    "resolution": 0.07464553541190416,
                    "scale": 282.124294
                  },
                  {
                    "level": 22,
                    "resolution": 0.03732276770595208,
                    "scale": 141.062147
                  },
                  {
                    "level": 23,
                    "resolution": 0.01866138385297604,
                    "scale": 70.5310735
                  }
                ]
              },
              "initialExtent": {
                "xmin": -34434256.69035958,
                "ymin": -19889226.66435174,
                "xmax": 34434256.69035958,
                "ymax": 19889226.664351642,
                "spatialReference": {
                  "wkid": 102100,
                  "latestWkid": 3857
                }
              },
              "fullExtent": {
                "xmin": -20037507.067161843,
                "ymin": -19971868.880408604,
                "xmax": 20037507.067161843,
                "ymax": 19971868.8804085,
                "spatialReference": {
                  "wkid": 102100,
                  "latestWkid": 3857
                }
              },
              "minScale": 0,
              "maxScale": 0,
              "units": "esriMeters",
              "supportedImageFormatTypes": "PNG32,PNG24,PNG,JPG,DIB,TIFF,EMF,PS,PDF,GIF,SVG,SVGZ,BMP",
              "documentInfo": {
                "Title": "Canvas Base",
                "Author": "Esri",
                "Comments": "",
                "Subject": "political boundaries, populated places, water, roads, urban areas, building footprints, parks",
                "Category": "transportation(Transportation Networks) ",
                "AntialiasingMode": "None",
                "TextAntialiasingMode": "Force",
                "Keywords": "thematic basemap,thematic map,choropleth,dot map,dot density,flow map,heat map,graphs,infographic,graduated symbols,proportional symbols,neutral,subdued,canvas,shaded,hot spot,color coded,colorful,World,Global,Europe,Andorra,Austria,Belgium,Czech Republic,Denmark,France,Germany,Great Britain,Greece,Hungary,Ireland,Italy,Luxembourg,Netherlands,Norway,Poland,Portugal,San Marino,Slovakia,Spain,Sweden,Switzerland,North America,United States,Canada,Mexico,Southern Africa,Botswana,Lesotho,Namibia,South Africa and Swaziland,Asia,India,South America,Central America,Argentina,Bolivia,Brazil,Chile,Colombia,Peru,Uruguay,Venezuela,Australia,New Zealand"
              },
              "capabilities": "Map,Tilemap",
              "supportedQueryFormats": "JSON, AMF, geoJSON",
              "exportTilesAllowed": false,
              "datumTransformations": [
                {
                  "geoTransforms": [
                    {
                      "wkid": 108001,
                      "latestWkid": 1241,
                      "transformForward": true,
                      "name": "NAD_1927_To_NAD_1983_NADCON"
                    }
                  ]
                },
                {
                  "geoTransforms": [
                    {
                      "wkid": 108001,
                      "latestWkid": 1241,
                      "transformForward": false,
                      "name": "NAD_1927_To_NAD_1983_NADCON"
                    }
                  ]
                }
              ],
              "supportsDatumTransformation": true,
              "maxRecordCount": 1000,
              "maxImageHeight": 4096,
              "maxImageWidth": 4096,
              "supportedExtensions": "KmlServer"
            }
          },
          {
            "opacity": 1,
            "title": "Referencia gris oscuro mundial",
            "url": "https://services.arcgisonline.com/arcgis/rest/services/Canvas/World_Dark_Gray_Reference/MapServer",
            "visibility": true,
            "layerType": "ArcGISTiledMapServiceLayer",
            "isReference": true,
            "id": "World_Dark_Gray_Reference_8618"
          }
        ],
        "spatialReference": {
          "wkid": "102100"
        }
      }
    ]
  }
}
